UserID,氏名,メールアドレス,電話番号,登録日
1,村田 美月,user1@example.jp,03-7773-5055,2022-01-21
2,後藤 結衣,user2@example.jp,03-3527-3998,2021-10-30
3,高橋 健,user3@example.jp,03-4451-8119,2021-01-28
4,阿部 陽菜,user4@example.jp,03-3467-8038,2022-08-21
5,太田 陽翔,user5@example.jp,03-2654-4413,2020-01-20
6,武田 陽菜,user6@example.jp,03-2910-6855,2021-03-20
7,永井 陽菜,user7@example.jp,03-5086-4531,2021-02-28
8,石田 美月,user8@example.jp,03-7092-6990,2022-03-26
9,長谷川 健太,user9@example.jp,03-7507-2178,2020-01-09
10,原田 美優,user10@example.jp,03-3887-9682,2020-01-01
11,石田 美月,user11@example.jp,03-9053-4788,2021-12-31
12,井上 悠真,user12@example.jp,03-3188-1969,2021-08-21
13,吉田 真央,user13@example.jp,03-4776-8066,2020-09-21
14,竹内 真央,user14@example.jp,03-7023-3371,2020-12-31
15,福田 心春,user15@example.jp,03-9857-5299,2021-03-20
16,永井 陽菜,user16@example.jp,03-6958-9119,2020-06-04
17,岡本 海翔,user17@example.jp,03-5084-3463,2020-11-16
18,岡本 海翔,user18@example.jp,03-3334-2163,2020-09-01
19,松本 結菜,user19@example.jp,03-1828-3445,2020-05-03
20,久保 涼太,user20@example.jp,03-5103-2196,2020-02-20
21,大野 大地,user21@example.jp,03-9706-5059,2020-05-19
22,武田 陽菜,user22@example.jp,03-7688-5735,2022-08-02
23,高橋 健,user23@example.jp,03-2036-7531,2022-07-16
24,林 拓海,user24@example.jp,03-3135-3217,2021-06-02
25,藤井 陽菜,user25@example.jp,03-5792-4856,2021-01-15
26,坂本 美咲,user26@example.jp,03-1197-4717,2020-08-24
27,小林 陽菜,user27@example.jp,03-6647-1993,2021-06-18
28,小林 陽菜,user28@example.jp,03-7228-7931,2022-03-26
29,永井 陽菜,user29@example.jp,03-3069-1825,2021-04-16
30,渡辺 結衣,user30@example.jp,03-7544-6546,2020-03-11
31,阿部 陽菜,user31@example.jp,03-8272-7438,2022-06-02
32,加藤 一郎,user32@example.jp,03-5983-9555,2020-01-22
33,大野 大地,user33@example.jp,03-3767-8544,2022-01-22
34,青木 翔太,user34@example.jp,03-9447-8250,2020-06-25
35,小川 結菜,user35@example.jp,03-1528-9811,2022-07-10
36,岡田 海翔,user36@example.jp,03-9757-6769,2020-07-07
37,山口 陽翔,user37@example.jp,03-1516-2058,2020-01-21
38,渡辺 結衣,user38@example.jp,03-3579-5921,2020-05-16
39,山本 大輔,user39@example.jp,03-9681-8463,2022-03-18
40,太田 陽翔,user40@example.jp,03-9383-7233,2021-10-15
41,坂本 美咲,user41@example.jp,03-4332-4135,2020-02-12
42,佐藤 太郎,user42@example.jp,03-2068-4874,2021-06-10
43,中村 さくら,user43@example.jp,03-3537-1435,2020-03-29
44,松本 結菜,user44@example.jp,03-6544-2834,2021-05-26
45,佐藤 太郎,user45@example.jp,03-1550-2641,2022-01-14
46,坂本 美咲,user46@example.jp,03-1434-1503,2020-07-04
47,加藤 一郎,user47@example.jp,03-9921-5050,2021-02-27
48,谷口 美咲,user48@example.jp,03-7044-7489,2021-05-18
49,佐藤 太郎,user49@example.jp,03-7579-2651,2022-01-06
50,木村 美月,user50@example.jp,03-1794-7110,2022-07-07
